Name,Phone,Age,BP,Heart,Glucose,BMI,Risk
harish,1234765891,25,normal,1,125,125,Low Risk (4.0%)
harish,1234765891,25,normal,0,125,36,Low Risk (3.0%)
harish,1234765891,25,normal,0,125,25,Low Risk (2.0%)
harish,1234765891,35,normal,0,125,25,Low Risk (2.0%)
harish,1234765891,35,normal,0,125,25,Low Risk (2.0%)
harish,1234765891,35,,0,125,25,Low Risk (2.0%)
harish,1234765891,35,low,0,125,35,Low Risk (3.0%)
Niraj,1234567890,70,high,1,220,35,Low Risk (7.0%)
suraj,1234567890,80,high,1,312,35,Low Risk (47.0%)
suraj,1234567890,90,high,1,312,35,Low Risk (48.0%)
suraj,1234567890,95,high,1,312,35,Low Risk (48.0%)
suraj,1234567890,95,high,1,312,35,Low Risk (48.0%)
suraj,1234567890,95,high,1,316,35,Low Risk (48.0%)
suraj,1234567890,80,high,1,360,36,Low Risk (49.0%)
suraj,1234567890,46,high,1,289,36,Low Risk (27.0%)
Niraj,12345678901,23,high,1,234,23,Low Risk (9.0%)
